,en,nl,it,de,es,pl,cs,fr,el,ro,pt
,English,Dutch,Italian,German,Spanish,Polish,Czech,French,Greek,Romanian,Portuguese
,Language name in native,Nederlands,Italiano,Deutsch,Español,polski,Česky,français,Ελληνικά,Română,Português
Section texts – News,,,,,,,,,,,
,News,Nieuws,News,Aktuelles,Noticias,Wiadomości,Novinky,Actualités,Νέα ,Noutăţi,Notícias
,Latest updates about Space Awareness,,,,,,,,,,
Section texts – Careers,,,,,,,,,,,
,Careers,Carrières,Professioni,Berufliche Perspektiven,Profesiones,Kariery,Profese,Métiers,Επαγγέλματα,Profesii,Carreiras
,Discover space careers,Ontdek RuimteCarrières,Scopri lo spazio Professioni,Berufe in der Weltraumforschung entdecken,Estas son las profesiones espaciales,Poznaj kosmiczne kariery,Objevte povolání spojená se zkoumáním vesmíru,Découvrir les métiers de l’espace,Ανακαλύψτε τα Επαγγέλματα του Διαστήματος,Descoperă profesii spaţiale,Descobrir Carreiras no Espaço
,Become a space explorer,,,,,,,,,,
,Aiming for the stars? See how you can contribute to space science and exploration.,Richten op de sterren? Zie hoe jij kunt bijdragen aan ruimtewetenschap en -verkenning.,Punti alle stelle? Guarda come puoi contribuire allo studio e all’esplorazione dello spazio.,"Interessieren Sie sich für die Sterne? Informieren Sie sich, wie Sie zur Weltraumforschung beitragen können.",¿Aspiras a alcanzar las estrellas? Aquí te mostramos qué puedes hacer por la ciencia y la investigación espacial.,"Mierzysz w gwiazdy? Zobacz, jak można wnieść wkład do nauk o kosmosie i jego eksploracji.","Míříte ke hvězdám? Podívejte se, jakým způsobem se můžete podílet na vědeckém zkoumání a poznávání vesmíru.",Tu rêves d’aller un jour dans les étoiles ? Vois de quelle manière tu peux contribuer à la science et à l’exploration de l’espace.,Στοχεύετε στ' αστέρια; Μάθετε πώς μπορείτε να συνεισφέρετε στην επιστήμη του διαστήματος και την εξερεύνησή του.,Visezi să ajungi printre stele? Află cum poţi contribui la studiul şi explorarea spaţiului.,Com a mira nas estrelas? Saiba como pode contribuir para a ciência e a exploração do espaço.
Section texts – Scoops,,,,,,,,,,,
,Read,Lees,Leggi,Lesen,Leer,Czytaj,Přečtěte si,Lire ,Διαβάστε,Citeşte,Ler
,Read Space Scoops,Lees Space Scoops,Leggi Scoop spaziali,Space Scoops lesen,Lee Space Scoops,Czytaj Kosmiczne nowinki,Přečtěte si Sólokapry z vesmíru,Lire les Space Scoop,Διαβάστε Αποκλειστικές Ειδήσεις από το Διάστημα,Citeşte Space Scoops,Ler Space Scoop
,News from across the Universe,Nieuws uit het heelal,News da tutto l’universo,Nachrichten aus dem Weltall,Noticas de todo el universo,Wiadomości ze Wszechświata,Zprávy z celého vesmíru,Des nouvelles des quatre coins de l’Univers,Νέα από ολόκληρο το Σύμπαν,Noutăţi din cele patru colţuri ale universului,Notícias de todo o Universo
,The latest discoveries about the Universe.,De nieuwste ontdekkingen over het heelal.,Le ultime scoperte sull’universo.,Die neuesten Entdeckungen über das Universum,Los últimos descubrimientos sobre el universo.,Najnowsze odkrycia dotyczące Wszechświata.,Nejnovější objevy ve vesmíru.,Les dernières découvertes sur l’Univers.,Οι πιο πρόσφατες ανακαλύψεις για το Σύμπαν.,Ultimele descoperiri despre univers,As mais recentes descobertas sobre o Universo.
Section texts – Games,,,,,,,,,,,
,Participate,Doe mee                     ,Partecipa ,Teilnehmen                     ,Participar                     ,Bierz udział                     ,Zapojte se                     ,Participer                     ,Πάρτε μέρος                     ,Participă                     ,Participar                     
,Play & participate,Speel en Doe mee,Gioca e partecipa,Spielen und teilnehmen,Juega y participa,Graj i bierz udział,Hrajte a zapojte se,Jouer et participer,Παίξτε και Πάρτε Μέρος,Joacă-te şi participă,Jogar e Participar
,Apps and projects for space exploration,Apps en projecten voor ruimteverkenning,App e progetti per l’esplorazione dello spazio,Apps und Projekte für die Erforschung des Weltraums,Aplicaciones y proyectos para explorar el espacio,Aplikacje i projekty dotyczące eksploracji kosmosu,Aplikace a projekty zaměřené na výzkum vesmíru,Des applis et des projets pour l’exploration spatiale,Εφαρμογές και προγράμματα για την εξερεύνηση του διαστήματος,Aplicaţii şi proiecte pentru explorarea spaţiului,Aplicações e projetos para a exploração do espaço
,Some great apps and projects to take part in real research programmes.,Enkele geweldige apps en projecten om mee te doen aan echte onderzoeksprogramma’s.,Alcune app e progetti interessanti per partecipare a veri programmi di ricerca.,Tolle Apps und Projekte zur Teilnahme an realen Forschungsprogrammen,Fantásticas aplicaciones y proyectos que te invitan a formar parte de los programas de la investigación real.,"Parę świetnych aplikacji i projektów, które pozwalają wziąć udział w prawdziwych programach badawczych.","Několik výborných aplikací a projektů, v nichž se můžete zapojit do skutečných výzkumných programů.","Des applis et des projets géniaux, pour participer à de vrais programmes de recherche.",Ορισμένες εξαιρετικές εφαρμογές και προγράμματα για να πάρετε μέρος σε πραγματικά ερευνητικά προγράμματα.,"Aplicaţii şi proiecte interesante, care îţi permit să participi la programe de cercetare autentice",Algumas aplicações e projetos fantásticos para participar em programas de investigação reais.
Section texts – Activities,,,,,,,,,,,
,Educate,Onderwijzen,Educa,Bilden,Formar,Edukuj,Vzdělávejte,Éduquer,Εκπαιδεύστε,Educă,Educar
,Educate & inspire,Onderwijzen en inspireren ,Educa e ispira ,Bilden und inspirieren ,Forma y motiva ,Edukuj i inspiruj ,Vzdělávejte a inspirujte,Éduquer et donner envie ,Εκπαιδεύστε και εμπνεύστε ,Educă şi motivează ,Educar e inspirar 
,Peer-reviewed educational activities,COLLEGIAAL GETOETSTE EDUCATIEVE ACTIVITEITEN,ATTIVITÀ DIDATTICHE PEER-REVIEWED,VON EXPERTEN GEPRÜFTE BILDUNGSAKTIVITÄTEN,ACTIVIDADES EDUCATIVAS REVISADAS POR EXPERTOS,ZAJĘCIA EDUKACYJNE RECENZOWANE WG PROCEDUR NAUKOWYCH,VZDĚLÁVACÍ AKTIVITY OVĚŘENÉ PEDAGOGY V PRAXI,ACTIVITÉS ÉDUCATIVES SOUMISES À L’AVIS DES PAIRS,ΕΛΕΓΜΕΝΕΣ ΕΚΠΑΙΔΕΥΤΙΚΕΣ ΔΡΑΣΤΗΡΙΟΤΗΤΕΣ ,ACTIVITĂŢI EDUCAŢIONALE RECENZATE,ATIVIDADES EDUCATIVAS REVISTAS POR ESPECIALISTAS
,Some of the best resources for educators about space.,Enkele van de beste middelen voor educatoren over de ruimte.,Alcune delle migliori risorse per gli educatori sul tema dello spazio.,Einige der besten Ressourcen für Pädagogen über den Weltraum,Alguno de los mejores materiales que pueden utilizar los profesores para sus clases sobre el espacio.,Parę najlepszych zasobów o kosmosie dla nauczycieli.,Výběr z nejlepších zdrojů materiálů zaměřených na tematiku vesmíru pro pedagogy,Certaines des meilleures ressources éducatives sur l’espace.,Ορισμένοι από τους καλύτερους πόρους σχετικά με το διάστημα για παιδαγωγούς.,Unele dintre cele mai bune resurse didactice despre spaţiu,Alguns dos melhores recursos para educadores sobre o espaço.
Section texts – Skills,,,,,,,,,,,
,Develop,Ontwikkel,Sviluppa,Entwickeln,Mejorar conocimientos,Rozwijaj,Rozvíjejte,Développer ,Αναπτύξτε,Dezvoltă-te,Desenvolver
,Develop teaching skills,Ontwikkel onderwijsvaardigheden,Sviluppa competenze didattiche,Unterrichtskompetenzen entwickeln,Mejora tus dotes de profesor,Rozwijaj umiejętności nauczania,Rozvíjejte své pedagogické dovednosti,Acquérir des compétences d’enseignement,Αναπτύξτε δεξιότητες διδασκαλίας,Dobândeşte competenţe didactice,Desenvolver competências de ensino
,Bringing space to education,,,,,,,,,,
,Guidelines to best use Space Awareness with 8 to 18 year olds.,Richtlijnen voor het beste gebruik van Space Awareness bij 8- tot 18-jarigen.,Guida al miglior uso di Space Awareness con i ragazzi fra gli 8 e i 18 anni.,Anleitungen zur bestmöglichen Nutzung von Space Awareness mit 8- bis 18-Jährigen,Pautas para aprovechar al máximo el proyecto Space Awareness con niños de 8 a 18 años.,"Wskazówki, jak najlepiej wykorzystać inicjatywę Space Awareness (wiedza o kosmosie) w pracy z uczniami od 8 do 18 roku życia.","Návod, jak nejlépe používat program Povědomí o vesmíru (Space Awareness) se žáky ve věku 8–18 let.",Conseils pour tirer le meilleur parti de Space Awareness avec les 8 à 18 ans.,"Οδηγίες για την καλύτερη δυνατή χρήση του ""Space Awareness"" με παιδιά και εφήβους ηλικίας 8 έως 18 ετών.",Instrucţiuni pentru utilizarea optimă a Space Awareness cu copii de 8 - 18 ani,Orientações sobre a melhor utilização de Space Awareness com jovens dos 8 aos 18 anos de idade.
Section texts – About,,,,,,,,,,,
,Know us,Over ons,Per conoscerci,Über uns,Sobre nosotros,Poznaj nas,Seznamte se s námi,Savoir qui nous sommes ,Γνωρίστε μας,Despre noi,Quem somos
,Get to know us,Leer meer over ons,Per conoscerci,Lernen Sie uns kennen,Conócenos,Poznaj nas,Seznamte se s námi,Découvrez qui nous sommes,Γνωρίστε μας,Descoperă cine suntem,Saiba quem somos
,Vision and team behind Space Awareness,,,,,,,,,,
,Who is behind Space Awareness? Is there a contact in my country?,Wie zit er achter Space Awareness? Is er in mijn land een contactpersoon?,Chi c’è dietro a Space Awareness? Chi posso contattare nel mio paese?,Wer steckt hinter Space Awareness? Gibt es einen Ansprechpartner in meinem Land?,¿Qué encierra Space Awareness? ¿Con quién me puedo poner en contacto en mi país?,Kto stoi za inicjatywą Space Awareness? Z kim mogę skontaktować się w swoim kraju?,Kdo stojí za programem Povědomí o vesmíru? Mohu se obrátit na někoho ve své zemi?,Qui est derrière Space Awareness ? Y a-t-il un contact dans mon pays ? ,"Ποιος βρίσκεται πίσω από το ""Space Awareness""; Υπάρχει υπεύθυνος επικοινωνίας στη χώρα μου; ",Cine se află în spatele Space Awareness? Există un punct de contact în ţara mea?,Quem é responsável pelo Space Awareness? Existe um contacto no meu país?
Categories texts – Space,,,,,,,, ,,,
,Space Exploration,Ruimteverkenning,,,,,,,,,
,Our wonderful Universe,Ons schitterende heelal,Il nostro magnifico universo,Unser wundervolles Universum,Nuestro maravilloso universo,Nasz cudowny Wszechświat,Náš nádherný vesmír,Notre merveilleux Univers,Το υπέροχο Σύμπαν μας,Universul nostru minunat,O nosso maravilhoso Universo
,Space sciences and exploration,Ruimtewetenschappen en -verkenning,Studio ed esplorazione dello spazio,Weltraumforschung,Ciencia e investigación espacial,Nauki o kosmosie i jego eksploracja,Věda o vesmíru a jeho zkoumání,Sciences de l’espace et exploration,Επιστήμες του διαστήματος και εξερεύνησή του,Studiul şi explorarea spaţiului,Ciências e exploração do espaço
,Get inspired by the beauty and vastness of the Universe,RAAK GEÏNSPIREERD DOOR DE SCHOONHEID EN ENORMITEIT VAN HET HEELAL,LASCIATI ISPIRARE DALLA BELLEZZA E DALLA VASTITÀ DELL’UNIVERSO,LASSEN SIE SICH VON DER SCHÖNHEIT UND WEITE DES UNIVERSUMS INSPIRIEREN,QUE LA HERMOSURA Y LA INMENSIDAD DEL UNIVERSO TE INSPIRE,ZNAJDŹ NATCHNIENIE W PIĘKNIE I OGROMIE WSZECHŚWIATA,NECHTE SE INSPIROVAT KRÁSOU A ROZLEHLOSTÍ VESMÍRU,SE DÉLECTER DE LA BEAUTÉ ET DE L’IMMENSITÉ DE L’UNIVERS,ΕΜΠΕΝΥΣΤΕΙΤΕ ΑΠΟ ΤΗΝ ΟΜΟΡΦΙΑ ΚΑΙ ΤΗΝ ΑΠΕΡΑΝΤΟΣΥΝΗ ΤΟΥ ΣΥΜΠΑΝΤΟΣ,CONTEMPLĂ FRUMUSEŢEA ŞI IMENSITATEA UNIVERSULUI,DEIXE-SE INSPIRAR PELA BELEZA E VASTIDÃO DO UNIVERSO
Categories texts – Earth,,,,,,,,,,,
,Earth Observation,,,,,,,,,,
,Our fragile planet,Onze kwetsbare planeet,Il nostro fragile pianeta,Unser schutzbedürftiger Planet,El planeta frágil que tenemos,Nasza krucha planeta,Naše křehká planeta,Notre fragile planète ,Ο εύθραυστος πλανήτης μας,Planeta noastră fragilă,O nosso frágil planeta
,Earth from above,De aarde van boven ,La Terra dall’alto ,Die Erde von oben ,La Tierra desde arriba ,Ziemia z kosmosu ,Planeta Země z výšky ,La Terre vue d’en haut ,Η Γη από ψηλά ,Pământul văzut de sus ,A Terra vista de cima 
,"The Earth, our unique and fragile home","DE AARDE, ONS UNIEKE EN KWETSBARE THUIS",LA NOSTRA CASA UNICA E FRAGILE: LA TERRA,"DIE ERDE, UNSER EINMALIGES UND SCHUTZBEDÜRFTIGES ZUHAUSE","LA TIERRA, UN HOGAR ÚNICO Y FRÁGIL QUE ES NUESTRO","ZIEMIA, NASZ WYJĄTKOWY, KRUCHY DOM","ZEMĚ, NÁŠ JEDINEČNÝ A KŘEHKÝ DOMOV","LA TERRE, NOTRE UNIQUE ET FRAGILE PORT D’ATTACHE","Η ΓΗ, ΤΟ ΜΟΝΑΔΙΚΟ ΚΑΙ ΕΥΘΡΑΥΣΤΟ ΣΠΙΤΙ ΜΑΣ","PĂMÂNTUL, UNICA ŞI FRAGILA NOASTRĂ CASĂ","A TERRA, O NOSSO PLANETA ÚNICO E FRÁGIL"
Categories texts – Navigation,,,,,,,,,,,
,Navigation,Navigatie,Navigazione,Navigation,Trasladarse,Nawigacja,Navigace,Navigation,,Navigaţia,Navegação
,Navigation through the ages,Navigatie door de eeuwen heen,Navigazione attraverso le epoche,Navigation im Lauf der Geschichte,Trasladarse a otras épocas,Nawigacja przez wieki,Navigace v průběhu staletí,La navigation à travers les âges ,Η ναυσιπλοΐα στην πάροδο των χρόνων,Navigaţia de-a lungul secolelor,Navegação através dos tempos
,Global discovery & mobility,Wereldwijde ontdekking en mobiliteit,Scoperta globale e mobilità,Globale Erforschung und Mobilität,Descubrir y moverse por el mundo,Odkrywcy i podróżni,Světové objevy a cesty,Découverte et mobilité planétaires ,Ανακάλυψη του κόσμου και κινητικότητα,Descoperiri şi mobilitate la nivel global,Descoberta e mobilidade globais
,Trace the history of navigation from the first explorers to GPS,VOLG DE GESCHIEDENIS VAN NAVIGATIE VAN DE EERSTE ONTDEKKINGSREIZIGERS TOT GPS,SEGUI LA STORIA DELLA NAVIGAZIONE DAI PRIMI ESPLORATORI AL GPS,VERFOLGEN SIE DIE GESCHICHTE DER NAVIGATION VON DEN ERSTEN ENTDECKERN BIS ZU GPS,SIGUE LA HUELLA DE LA HISTORIA DE LA NAVEGACIÓN DESDE LOS PRIMEROS EXPLORADORES AL GPS,POZNAJ HISTORIĘ NAWIGACJI OD WIELKICH ODKRYĆ GEOGRAFICZNYCH DO GPS,SLEDUJTE DĚJINY NAVIGACE OD PRVNÍCH PRŮZKUMNÍKŮ PO GPS,RETRACEZ L’HISTOIRE DE LA NAVIGATION DEPUIS LES PREMIERS EXPLORATEURS JUSQU’AU GPS ,ΑΝΑΚΑΛΥΨΤΕ ΤΗΝ ΙΣΤΟΡΙΑ ΤΗΣ ΝΑΥΣΙΠΛΟΙΑΣ ΑΠΟ ΤΟΥΣ ΠΡΩΤΟΥΣ ΕΞΕΡΕΥΝΗΤΕΣ ΜΕΧΡΙ ΤΟ GPS,RECONSTITUIE ISTORIA NAVIGAŢIEI DE LA PRIMII EXPLORATORI LA GPS,RECONSTITUA A HISTÓRIA DA NAVEGAÇÃO DESDE OS PRIMEIROS EXPLORADORES AO GPS
Categories texts – Heritage,,,,,,,,,,,
,Islamic heritage,Islamitisch erfgoed,Eredità islamica,Das islamische Erbe,La herencia árabe,dziedzictwo islamu,Islámské dědictví,Patrimoine musulman,Ισλαμική κληρονομιά,Patrimoniul islamic,Património islâmico
,The journey of ideas,De reis van ideeën,Il viaggio delle idee,Die Reise der Ideen,El viaje de las ideas,Wędrówki idei,Cesta myšlenek,Le voyage des idées ,Το ταξίδι των ιδεών,Periplul ideilor,A viagem das ideias
,Building a bridge between the Islamic world and Europe,EEN BRUG BOUWEN TUSSEN DE ISLAMITISCHE WERELD EN EUROPA,GETTARE UN PONTE FRA MONDO ISLAMICO ED EUROPA,BRÜCKENBAU ZWISCHEN DER ISLAMISCHEN WELT UND EUROPA,UN PUENTE ENTRE EL MUNDO ÁRABE Y EUROPA,BUDOWA POMOSTU ŁĄCZĄCEGO ŚWIAT ISLAMU I EUROPĘ,STAVÍME MOSTY MEZI ISLÁMSKÝM SVĚTEM A EVROPOU,CONSTRUIRE UN PONT ENTRE LE MONDE MUSULMAN ET L’EUROPE,ΟΙΚΟΔΟΜΩΝΤΑΣ ΜΙΑ ΓΕΦΥΡΑ ΜΕΤΑΞΥ ΤΟΥ ΙΣΛΑΜΙΚΟΥ ΚΟΣΜΟΥ ΚΑΙ ΤΗΣ ΕΥΡΩΠΗΣ,CONSTRUIREA UNEI PUNŢI ÎNTRE LUMEA ISLAMICĂ ŞI EUROPA,CONSTRUIR UMA PONTE ENTRE O MUNDO ISLÂMICO E A EUROPA
News – metadata,,,,,,,,,,,
,organiser,,,,,,,,,,
,language,Taal,Lingua ,Sprache ,Idioma ,Język ,Jazyk ,Langue  ,Γλώσσα,Limba ,Língua
,download,Downloaden ,Scarica ,Download ,Descargar ,Pobierz ,Ke stažení ,Télécharger  ,Μεταφόρτωση ,Descărcare ,Descarregar 
,website,Website ,Sito web ,Website,Web ,Strona internetowa ,Webové stránky ,Site Internet ,Ιστοσελίδα ,Site,Sítio web 
Space Scoops,,,,,,,,,,,
,Click to see full image,,,,,,,,,,
,Cool Fact!,,,,,,,,,,
,Go to,,,,,,,,,,
,This Space Scoop is based on a Press Release from,,,,,,,,,,
,This Space Scoop is based on Press Releases from,,,,,,,,,,
,more news,,,,,,,,,,
Space Scoops (print),,,,,,,,,,,
,Space Scoop,,,,,,,,,,
Game type,,,,,,,,,,,
,Citizen Science,Burgerwetenschap ,Citizen Science ,Bürgerwissenschaft,Ciencia ciudadana ,Nauka obywatelska ,Občanská věda,Sciences citoyennes ,Επιστήμη των Πολιτών ,Ştiinţă civică,Ciência Cidadã 
,Fun Learning,Leuk leren ,Apprendere divertendosi ,Lernen mit Spaß,Aprender divirtiéndose ,Nauka przez zabawę ,Zábavné učení,Apprendre en s’amusant ,Διασκεδαστική Μάθηση ,Învăţare ludică,Aprendizagem lúdica 
,Game,Game ,Giochi ,Spiel,Juego ,Gra ,Hra,Jeu ,Παιχνίδια ,Joc,Jogo 
,Software,Software ,Software ,Software ,Software ,Oprogramowanie ,Software,Logiciel ,Λογισμικό ,Software,Software 
,Other,Anders,Altro,Sonstiges,Otros,Inny,Jiné,Autre,Άλλα,Alta,Outro
Game – Platform Choices,,,,,,,,,,,
,Facebook,Facebook,Facebook,Facebook,Facebook,Facebook,Facebook,Facebook,Facebook,Facebook,Facebook
,Website,Website,Sito web ,Website,Web ,Strona internetowa ,Webové stránky ,Site Internet ,Ιστοσελίδα ,Site,Sítio web 
,App,App,App,App,Aplicación ,Aplikacja ,Aplikace ,Appli ,Εφαρμογή ,Aplicaţie,Aplicação 
,Data Collection,Dataverzameling ,Raccolta dati ,Datenerfassung,Recogida de datos ,Zbieranie danych ,Shromažďování údajů,Recueil des données ,Συλλογή δεδομένων ,Culegere de date,Recolha de dados 
Game – metadata column,,,,,,,,,,,
,go to the activity,Ga naar de activiteit,Vai all’attività,Zur Aktivität,Ir a la actividad,Przejdź do zajęć,Přejít na aktivitu,Aller à l’activité,Μετάβαση στη δραστηριότητα,Salt la activitate,Ir para a atividade
,difficulty level,Moeilijkheid,Livello di difficoltà,Schwierigkeitsgrad,Dificultad,Poziom trudności,Míra obtížnosti,Niveau de difficulté,Επίπεδο δυσκολίας,Nivel de dificultate,Nível de dificuldade
,fun level,Leukheid,Livello di divertimento,Spaßfaktor,Diversión,Poziom zabawy,Míra zábavnosti,Degré d’amusement,Επίπεδο διασκέδασης,Nivel ludic,Nível lúdico
,type,Type activiteit,Tipo di attività,Art der Aktivität,Tipo de actividad,Rodzaj zajęć,Typ aktivity,Type d’activité,Τύπος δραστηριότητας,Tip de activitate,Tipo de atividade
,languages,Taal,Lingua,Sprache,Idioma,Język,Jazyk,Langue ,Γλώσσα,Limba,Língua
,platform,Platform,Piattaforma,Plattform,Plataforma,Platforma,Platforma,Plateforme,Πλατφόρμα,Platformă,Plataforma
Activities – sections,,,,,,,,,,,
,Brief Description,Korte beschrijving,Breve descrizione ,Kurzbeschreibung,Breve descripción,Krótki opis,Stručný popis,Description succincte,Σύντομη Περιγραφή,Scurtă descriere,Breve descrição
,Goals,Doelen,Finalità,Ziele,Objetivos,Cele ogólne,Cíle,Objectifs,Στόχοι,Scopuri,Objetivos
,Learning Objectives,Leerdoelen,Obiettivi didattici,Lernziele,Objetivos de aprendizaje,Cele operacyjne,Výukové cíle,Objectifs pédagogiques ,Μαθησιακοί Στόχοι,Obiective de învăţare,Objetivos de aprendizagem
,Evaluation,Evaluatie,Valutazione,Bewertung,Evaluación,Ewaluacja,Hodnocení,Évaluation,Αξιολόγηση,Evaluare,Avaliação
,Materials,Materiaal,Materiali,Materialien,Materiales,Materiał,Pomůcky,Matériel,Υλικό,Material,Material
,Background Information,Achtergrondinformatie,Informazioni di base,Hintergrundinformationen,Información de referencia,Podstawowe informacje,Informace o tématu,Informations complémentaires,Θεωρητικές πληροφορίες ,Informaţii de bază,Informações de referência
,Full Activity Description,Volledige beschrijving van de activiteit,Descrizione completa dell’attività,Vollständige Beschreibung der Aktivität,Descripción completa de la actividad,Pełny opis zajęć,Podrobný popis aktivity,Description complète de l’activité,Πλήρης Περιγραφή της Δραστηριότητας,Descrierea completă a activităţii,Descrição da atividade completa
,Curriculum,Curriculum,Programma di studi,Lehrplan,Plan de estudio,Program nauczania,Vzdělávací plán,Programme scolaire,Πρόγραμμα σπουδών,Curriculum,Currículo
,Additional Information,Aanvullende informatie,Informazioni aggiuntive,Zusätzliche Informationen,Más información,Informacje dodatkowe,Další informace,Informations supplémentaires,Περισσότερες πληροφορίες,Informaţii suplimentare,Informações adicionais
,Conclusion,Conclusie,Conclusione,Fazit,Conclusión,Zakończenie,Závěr,Conclusion,Συμπεράσματα,Concluzie,Conclusão
Activities – metadata column,,,,,,,,,,,
,Attachments,Bijlagen,Allegati,Anhänge,Archivos adjuntos,Załączniki,Přílohy,Les pièces jointes,Επισυνάψεις,Anexe,Anexos
,Curriculum topic,Curriculumonderwerp,Argomento del programma di studi,Lehrplanthema,Tema del plan de estudio,Temat z programu nauczania,Téma podle vzdělávacího plánu,Matière au programme ,Θέμα αναλυτικού προγράμματος,Materie din programă,Tópico curricular
,Big idea of science,Grote idee van wetenschap,Le grandi idee della scienza,Übergeordnetes wissenschaftliches Konzept,La gran idea de la ciencia,Ważna koncepcja nauki,Velká vědecká myšlenka,Une grande idée de la science  ,Μεγάλη Επιστημονική Ιδέα,Marea idee ştiinţifică,Grande ideia científica
,Keywords,Trefwoorden,Parole chiave,Schlüsselwörter,Palabras clave,Słowa kluczowe,Klíčová slova,Mots clés ,Λέξεις-κλειδιά,Cuvinte-cheie,Palavras-chave
,Age range,Leeftijdsgroep,Fascia d’età,Altersgruppe,Edades,Wiek,Věková skupina,Tranche d’âge ,Ηλικίες,Grupa de vârstă,Faixa etária
,Education level,Onderwijsniveau,Livello scolastico,Bildungsebene,Nivel del sistema educativo,Poziom kształcenia,Stupeň vzdělávání,Niveau d’études ,Εκπαιδευτική βαθμίδα,Nivel de studii,Nível de ensino
,Time,Tijd,Tempo,Zeit,Tiempo,Czas trwania,Čas,Durée ,Χρόνος,Timp,Duração
,Group size,Groepsgrootte,Dimensione del gruppo,Gruppengröße,Tamaño del grupo,Rozmiar grupy,Velikost skupiny,Taille du groupe,Μέγεθος ομάδας,Dimensiune grup,Dimensão do grupo
,Supervised for safety,Toezicht voor de veiligheid,Supervisionato a fini di sicurezza,Überwachung aus Sicherheitsgründen,Supervisión de seguridad,Nadzór ze względów bezpieczeństwa,Dohled z důvodu bezpečnosti,Supervisé par rapport à la sécurité ,Επιβλεπόμενο για λόγους ασφάλειας,Supraveghere din motive de siguranţă,Controlo de segurança
,Cost,Kosten,Costo,Kosten,Gasto,Koszt,Cena,Dépense ,Κόστος,Costuri,Custo
,Location,Locatie ,Luogo ,Ort ,Ubicación ,Lokalizacja ,Místo ,Lieu ,Μέρος ,Loc ,Localização 
,Core skills,Kernvaardigheden,Competenze chiave,Kernkompetenzen,Competencias básicas,Umiejętności kluczowe,Základní dovednosti,Compétences de base ,Βασικές Δεξιότητες,Competenţe de bază,Competências básicas
,Type of learning activity,Type leeractiviteit,Tipo di attività didattica,Art der Lernaktivität,Tipo de actividad de aprendizaje,Rodzaj zajęć edukacyjnych,Typ vzdělávací aktivity,Type d’activité d’apprentissage ,Τύπος μαθησιακής δραστηριότητας,Tip de activitate de învăţare,Tipo de atividade de aprendizagem
,Author,Auteur van de activiteit,Autore dell’attività,Autor der Aktivität,Autor de la actividad,Autor zajęć,Autor aktivity,Auteur de l’activité ,Συγγραφέας της δραστηριότητας,Autorul activităţii,Autor da atividade
,Link to source activity,Link naar de bronactiviteit,Link alla fonte dell’attività,Link zur ursprünglichen Aktivität,Enlace a la actividad original,Link do materiału źródłowego,Odkaz na původní aktivitu,Lien vers l’activité d’origine ,Σύνδεσμος για την πηγή της δραστηριότητας,Pagina activităţii de origine,Ligação à atividade de origem
,Repositories,Verzamelplaatsen,Archivi,Archive,Repositorios,Repozytoria,Archivy,Répertoires ,Αποθετήρια,Arhive,Repositórios 
Activities - print,,,,,,,,,,,
,Tested by teachers,,,,,,,,,,
Page – About,,,,,,,,,,,
,Contact us,Neem contact met ons op,Contattaci,Kontakt,Contacto,Skontaktuj się z nami,Kontaktujte nás,Contactez-nous,Επικοινωνήστε μαζί μας,Contactaţi-ne,Contacte-nos
,National contacts, Nationale contactpersonen,Contatti nazionali,Nationale Ansprechpartner,Contactos en el país,Kontakty krajowe,Zástupci v jednotlivých zemích,Personnes à contacter au niveau national,Εθνικά σημεία επαφής,Contacte naţionale,Contactos nacionais
,Project partners,Projectpartners,Partner del progetto,Projektpartner,Colaboradores del proyecto,Partnerzy projektu,Partneři projektu,Partenaires du projet,Εταίροι του έργου,Parteneri de proiect,Parceiros do projeto
,The Space Awareness team,Het Space Awareness-team,Il team Space Awareness,Das Space Awareness-Team,El equipo Space Awareness,Zespół Space Awareness,Tým programu „Povědomí o vesmíru“,L’équipe de Space Awareness,Η ομάδα του Space Awareness,Echipa Space Awareness,A equipa do Space Awareness
,Space Awareness is developed by,Space Awareness wordt ontwikkeld door,Space Awareness è sviluppato da,Space Awareness wird entwickelt von,Space Awareness es un proyecto del que forman parte,Nad rozwojem Space Awareness pracują,Program „Povědomí o vesmíru“ vytvořili,Space Awareness est développé par ,Το Space Awareness αναπτύχθηκε από,„Space Awareness” a fost conceput de,O Space Awareness é desenvolvido por
,Space Awareness is developed in collaboration with,Space Awareness wordt ontwikkeld in samenwerking met,Space Awareness è sviluppato in collaborazione con,Space Awareness wird entwickelt in Zusammenarbeit mit,Space Awareness es un proyecto en el que han colaborado,Space Awareness powstaje we współpracy z,Program „Povědomí o vesmíru“ byl vyvinut ve spolupráci s,Space Awareness est développé en collaboration avec ,Το Space Awareness αναπτύχθηκε σε συνεργασία με,„Space Awareness” a fost conceput în colaborare cu,O Space Awareness é desenvolvido em colaboração com
Misc,,,,,,,,,,,
,This website was funded by the European Commission's Horizon 2020 Programme under grant agreement nº 638653,Deze website is ontwikkeld met financiering uit het Horizon 2020-programma van de Europese Commissie in het kader van subsidieovereenkomst 638653,"Questo sito web è stato sviluppato grazie al finanziamento del Programma Horizon 2020 della Commissione europea, Grant Agreement n. 638653",Diese Website wurde mit finanzieller Unterstützung durch das Horizon 2020-Programm der Europäischen Kommission unter Finanzhilfevereinbarung 638653 entwickelt.,Esta página web se diseñó gracias a la financiación del programa Horizonte 2020 de la Comisión Europea con el acuerdo de subvención 638653.,Portal powstał przy wsparciu finansowym programu Horyzont 2020 Komisji Europejskiej na podstawie umowy grantowej nr 638653,"Tvorba webových stránek byla financována z programu Evropské komise Horizont 2020, grantová smlouva č. 638653",Ce site a été réalisé avec un financement de la Commission européenne dans le cadre de son programme Horizon 2020 aux termes d’un accord de subvention n° 638653,"Ο παρών ιστότοπος αναπτύχθηκε με χρηματοδότηση από το πρόγραμμα της Ευρωπαϊκής Επιτροπής ""Horizon 2020"" στο πλαίσιο της συμφωνίας επιχορήγησης 638653","Acest site a fost conceput cu finanţare de la Comisia Europeană, în cadrul programului Orizont 2020, conform acordului de subvenţionare nr. 638653.",Este sítio web foi desenvolvido com financiamento do Programa Horizon 2020 da Comissão Europeia ao abrigo do Acordo de Subvenção n.º 638653
,Load more,Meer laden,Carica altro,Mehr laden,Más información,Pokaż więcej,Načíst více,En télécharger d’autres,Φορτώστε περισσότερα,Încarcă mai multe,Ver mais
,Loading,,,,,,,,,,
,Related resources,Gerelateerde middelen,Risorse correlate,Zugehörige Ressourcen,Recursos relacionados,Pokrewne zasoby,Související zdroje,Ressources apparentées,Συναφείς πόροι,Resurse conexe,Recursos relacionados
,find by category,ZOEKEN OP CATEGORIE,TROVA PER CATEGORIA,NACH KATEGORIE SUCHEN,BUSCAR POR CATEGORÍA,SZUKAJ WG KATEGORII,VYHLEDÁVÁNÍ PODLE KATEGORIÍ,TROUVER PAR CATÉGORIE,ΕΥΡΕΣΗ ΑΝΑ ΚΑΤΗΓΟΡΙΑ,CĂUTARE DUPĂ CATEGORIE,LOCALIZAR POR CATEGORIA
,all,Alle,Tutte,Alle,Todos,Wszystkie,Všechny,Tous,Όλα,Toate,Todas
,see more,,,,,,,,,,
,Inspiring a new generation of space explorers,Een nieuwe generatie ruimteverkenners inspireren,Ispirare una nuova generazione di esploratori dello spazio,Inspiration für eine neue Generation von Weltraumforschern,Queremos plantar la semilla de los exploradores espaciales del futuro,Inspirując nowe pokolenie badaczy kosmosu,Inspirace pro nové průzkumníky vesmíru,Inspirer une nouvelle génération d’explorateurs de l’espace,Εμπνέοντας την επόμενη γενιά εξερευνητών του διαστήματος,Aripi pentru o nouă generaţie de exploratori ai spaţiului,Inspirar uma nova geração de exploradores do espaço
,Subscribe to our newsletter,Schrijf je in voor onze nieuwsbrief,Iscriviti alla nostra newsletter,"Abonnieren Sie unseren Newsletter,",¿Quieres recibir nuestro boletín de noticias?,Zaprenumeruj nasz biuletyn,Přihlaste se k odběru našeho zpravodaje,S’abonner à notre bulletin d’information,Γίνετε συνδρομητής στο ενημερωτικό μας δελτίο,Abonează-te la buletinul nostru informativ,Subscreva a nossa newsletter
,and stay updated about new resources and events,en blijf op de hoogte van nieuwe middelen en evenementen,per restare aggiornato sulle nuove risorse ed eventi,um über neue Ressourcen und Veranstaltungen auf dem Laufenden zu bleiben.,Así conocerás las novedades sobre recursos y actividades.,i bądź zawsze w posiadaniu aktualnych informacji o nowych zasobach i wydarzeniach,a nenechte si ujít aktuální informace o nových zdrojích a akcích.,et se tenir au courant des nouveautés (ressources et événements) ,και ενημερωθείτε για τους τελευταίους πόρους και εξελίξεις,şi fii la curent cu noile evenimente şi resurse,e mantenha-se a par de novos recursos e eventos
,This section is coming soon!,Dit onderdeel is binnenkort beschikbaar! ,Questa sezione arriverà presto! ,Dieser Bereich wird demnächst veröffentlicht! ,Esta sección estará lista muy pronto. ,Rozdział zostanie wkrótce udostępniony! ,Tuto sekci zveřejníme již brzy! ,Cette section sera disponible prochainement.  ,Η ενότητα θα είναι σύντομα κοντά σας! ,Această secţiune va fi disponibilă în curând! ,Esta secção estará disponível em breve! 
,Be among the first to be notified by subscribing to the Space Awareness newsletter on the home page,Word als een van de eersten op de hoogte gesteld van de update door je op de homepage in te schrijven voor de nieuwsbrief van Space Awareness! ,"Sii fra i primi a essere informato sull’aggiornamento, iscrivendoti alla newsletter di Space Awareness in Homepage! ","Abonnieren Sie den Space Awareness-Newsletter auf der Homepage, um unter den Ersten zu sein, die über das Update informiert werden! ","Si quieres ser el primero en enterarte, suscríbete al boletín de noticias Space Awareness en la página de inicio. ","Zapewnij sobie najszybsze powiadamianie o aktualizacjach, prenumerując biuletyn informacyjny Space Awareness na stronie głównej! ","Buďte mezi prvními, kdo se o aktualizaci dozví. Na hlavní stránce se přihlaste k odběru zpravodaje programu „Povědomí o vesmíru“. ",Soyez parmi les premiers à être avertis de la mise à jour en vous inscrivant à la lettre d’information de Space Awareness sur la page d’accueil ! ,"Εγγραφείτε στο ενημερωτικό δελτίο του ""Space Awareness"" στην αρχική σελίδα, ώστε να είσαστε από τους πρώτους που θα ειδοποιηθείτε για την καινούργια ενότητα! ","Abonează-te la buletinul informativ Space Awareness, de pe prima pagină, şi vei fi printre primii care va fi înştiinţat cu privire la actualizare! ","Seja dos primeiros a serem notificados sobre a atualização, subscrevendo a newsletter do Space Awareness na página inicial! "
,Related content,Gerelateerde content,Contenuti correlati,Verwandte Inhalte,Información relacionada,Pokrewne treści,Související,Contenus sur les mêmes sujets,Συναφές περιεχόμενο,Conţinut conex,Conteúdo relacionado
,STARTING DATE,,,,,,,,,,
,Introduction,,,,,,,,,,
,What you will learn,,,,,,,,,,
,What skills will you need,,,,,,,,,,
,Duration of the course,,,,,,,,,,